districtID,district,ln_gdppc2010,ln_gdppc2018,g
1101,Simeulue,9.494976,9.7159357,0.22095966
1102,Aceh Singkil,9.370121,9.5238848,0.15376377
1103,Aceh Selatan,9.5419092,9.7588205,0.21691132
1104,Aceh Tenggara,9.471756,9.6525288,0.18077278
1105,Aceh Timur,9.9076548,9.8131428,-0.094511986
1106,Aceh Tengah,10.02134,10.20443,0.18308926
1107,Aceh Barat,10.14925,10.37635,0.22710037
1108,Aceh Besar,9.9045744,10.04249,0.13791561
1109,Pidie,9.5447655,9.7397938,0.19502831
1110,Bireuen,9.8073425,9.9418936,0.13455105
1111,Aceh Utara,10.37989,10.19355,-0.18634033
1112,Aceh Barat Daya,9.7787542,9.8708744,0.092120171
1113,Gayo Lues,9.7624922,9.9359407,0.17344856
1114,Aceh Tamiang,9.7632389,9.8870363,0.12379742
1115,Nagan Raya,10.39212,10.52425,0.13212967
1116,Aceh Jaya,9.8215218,9.9574471,0.13592529
1117,Bener Meriah,9.8875332,10.08436,0.19682693
1118,Pidie Jaya,9.4869461,9.6696339,0.18268776
1171,Banda Aceh,10.70774,10.9138,0.20606041
1172,Sabang,10.09144,10.34473,0.25329018
1173,Langsa,9.7663898,9.9632864,0.19689655
1174,Lhokseumawe,10.87575,10.42438,-0.45136929
1175,Subulussalam,9.4927588,9.6940718,0.20131302
1201,Nias,8.2985468,9.7458487,1.4473019
1202,Mandailing Natal,8.5794277,9.9073505,1.3279228
1203,Tapanuli Selatan,8.8726435,10.39913,1.5264864
1204,Tapanuli Tengah,8.3117628,9.8004017,1.4886389
1205,Tapanuli Utara,8.7132988,9.8187237,1.1054249
1206,Toba Samosir,9.2765436,10.2659,0.98935604
1207,Labuhan Batu,9.0200834,10.72445,1.7043667
1208,Asahan,9.0445023,10.44285,1.3983479
1209,Simalungun,8.8807259,10.31224,1.4315138
1210,Dairi,8.9841013,10.00478,1.0206785
1211,Karo,9.2280979,10.42076,1.1926622
1212,Deli Serdang,10.13565,10.36418,0.22852993
1213,Langkat,8.9697857,10.21122,1.2414341
1214,Nias Selatan,8.3954964,9.4469242,1.0514278
1215,Humbang Hasundutan,8.7303543,9.9492512,1.2188969
1216,Pakpak Bharat,8.364212,9.7249327,1.3607206
1217,Samosir,9.1429014,10.05627,0.91336823
1218,Serdang Bedagai,8.9989967,10.30802,1.3090229
1219,Batu Bara,9.9333353,10.92752,0.99418449
1220,Padang Lawas Utara,8.2220888,10.27835,2.0562611
1221,Padang Lawas,8.16609,10.21633,2.0502396
1222,Labuhanbatu Selatan,9.2853737,10.88669,1.6013165
1223,Labuanbatu Utara,9.2224617,10.72493,1.5024681
1224,Nias Utara,8.3180237,9.6969557,1.378932
1225,Nias Barat,8.1539555,9.5783482,1.4243927
1271,Sibolga,9.1246872,10.56795,1.4432631
1272,Tanjungbalai,9.1536655,10.36042,1.2067547
1273,Pematangsiantar,9.1251917,10.49611,1.3709183
1274,Tebing Tinggi,9.0510387,10.04889,0.99785137
1275,Medan,9.8166542,11.08782,1.2711658
1276,Binjai,9.0701265,10.24511,1.174983
1277,Padangsidimpuan,8.5470772,9.8229122,1.275835
1278,Gunungsitoli,8.8956385,10.04067,1.1450319
1301,Kepulauan Mentawai,10.17495,10.36805,0.19309998
1302,Pesisir Selatan,9.523632,9.8956842,0.37205219
1303,KabSolok,9.778141,10.14319,0.36504936
1304,Sijunjung,9.9234114,10.22483,0.3014183
1305,Tanah Datar,9.7846279,10.18715,0.40252209
1306,Padang Pariaman,9.9555826,10.35822,0.40263748
1307,Agam,9.8798571,10.26056,0.38070297
1308,Lima Puluh Kota,9.8726387,10.24273,0.37009144
1309,Pasaman,9.6270971,9.9602461,0.33314896
1310,Solok Selatan,9.742445,10.02258,0.28013515
1311,Dharmasraya,10.07099,10.30333,0.23234081
1312,Pasaman Barat,9.8488626,10.13016,0.28129768
1371,Padang,10.33722,10.71041,0.37318993
1372,Kota Solok,10.25257,10.57357,0.3210001
1373,Sawahlunto,10.29891,10.66691,0.36800003
1374,Padang Panjang,10.39027,10.7395,0.34922981
1375,Bukittinggi,10.38007,10.71759,0.3375206
1376,Payakumbuh,10.00066,10.3644,0.36373997
1377,Pariaman,10.2165,10.56977,0.35326958
1401,Kuantan Singingi,10.94454,11.15069,0.20615005
1402,Indragiri Hulu,10.94858,11.10223,0.15365028
1403,Indragiri Hilir,10.64176,10.9815,0.3397398
1404,Pelalawan,11.26609,11.18218,-0.083909988
1405,Siak,11.83703,11.60951,-0.22751999
1406,Kampar,10.90856,10.97943,0.070870399
1407,Rokan Hulu,10.41308,10.48865,0.075570107
1408,Bengkalis,12.04581,11.83154,-0.21426964
1409,Rokan Hilir,11.18169,11.10031,-0.08137989
1410,Kepulauan Meranti,10.80729,11.10854,0.3012495
1471,Pekanbaru,10.74031,11.01789,0.27758026
1473,Dumai,11.13581,11.25953,0.12372017
1501,Kerinci,9.6685534,10.15124,0.482687
1502,Merangin,9.7282925,10.06998,0.3416872
1503,Sarolangun,10.1745,10.45193,0.27742958
1504,Batanghari,9.6893158,10.213,0.5236845
1505,Muaro Jambi,10.20689,10.48111,0.27421951
1506,Tanjung Jabung Timur,11.03266,11.27781,0.24515057
1507,Tanjung Jabung Barat,13.44379,11.3986,-2.0451908
1508,Tebo,9.8596048,10.23346,0.37385559
1509,Bungo,10.04451,10.39888,0.35437012
1571,Kota Jambi,10.08759,10.34818,0.2605896
1572,Kota Sungai Penuh,10.35406,10.79668,0.44262028
1601,Ogan Komering Ulu,9.9235106,10.15293,0.22941971
1602,Ogan Komering Ilir,9.7484274,10.06024,0.3118124
1603,Muara Enim,10.57768,11.03199,0.45431042
1604,Lahat,10.04159,10.27174,0.23015022
1605,Musi Rawas,10.14159,10.3824,0.24080944
1606,Musi Banyuasin,10.94028,11.10763,0.16734982
1607,Banyuasin,9.7031879,10.01855,0.31536198
1608,OKU Selatan,9.3474836,9.6276932,0.28020954
1609,OKU Timur,9.2074232,9.5592318,0.35180855
1610,Ogan Ilir,9.3532743,9.7266855,0.37341118
1611,Empat Lawang,9.2452898,9.5126314,0.26734161
1612,Penukal Abab Lematang Ilir,9.8150511,10.07043,0.25537872
1613,Musi Rawas Utara,10.01731,10.24102,0.22371006
1671,Palembang,10.6371,10.99755,0.36044979
1672,Prabumulih,9.8256607,10.21996,0.39429951
1673,Pagar Alam,9.357193,9.6589785,0.30178547
1674,Lubuk Linggau,9.460144,9.791111,0.33096695
1701,Bengkulu Selatan,7.1657038,7.4697719,0.30406809
1702,Rejang Lebong,10.17218,10.51618,0.34399986
1703,Bengkulu Utara,9.4879169,9.8565264,0.36860943
1704,Kaur,8.624608,8.8642883,0.23968029
1705,Seluma,9.7240105,10.03487,0.31085968
1706,Mukomuko,9.3674431,9.7108784,0.34343529
1707,Lebong,9.0613022,9.2752953,0.21399307
1708,Kepahiang,9.7523737,10.05566,0.30328655
1709,Bengkulu Tengah,9.5840826,9.9138794,0.32979679
1771,Kota Bengkulu,11.42521,11.76455,0.33934021
1801,Lampung Barat,9.7848988,9.6656876,-0.1192112
1802,Tanggamus,9.3928947,9.76828,0.37538528
1803,Lampung Selatan,9.9157686,10.26577,0.35000134
1804,Lampung Timur,9.3553209,9.6975651,0.34224415
1805,Lampung Tengah,10.1181,10.48426,0.36615944
1806,Lampung Utara,9.7627783,10.14648,0.38370132
1807,Way Kanan,9.6000376,9.9237823,0.32374477
1808,Tulang bawang,10.10532,10.42525,0.31993008
1809,Pesawaran,9.7864466,10.11371,0.32726383
1810,Pringsewu,9.4689684,9.8286676,0.35969925
1811,Mesuji,10.05369,10.41688,0.3631897
1812,Tulang Bawang Barat,9.8673067,10.22283,0.35552311
1813,PesisirBarat,9.6669712,9.8605299,0.19355869
1871,KotaBandarLampung,10.139,10.48784,0.34883976
1872,KotaMetro,9.764986,10.11567,0.35068417
1901,Bangka,10.06485,10.29405,0.22920036
1902,Belitung,10.18232,10.42795,0.24563026
1903,Bangka Barat,10.5632,10.79317,0.22996998
1904,Bangka Tengah,10.23133,10.31574,0.084409714
1905,Bangka Selatan,10.08722,10.28393,0.19670963
1906,Belitung Timur,10.41772,10.64332,0.22560024
1971,Pangkalpinang,10.40383,10.64825,0.24442005
2101,Karimun,10.15424,10.5715,0.41726017
2102,Bintan,11.03757,11.38427,0.34669971
2103,Natuna,11.99522,12.18257,0.18735027
2104,Lingga,9.9745674,10.34735,0.37278271
2105,Kepulauan Anambas,12.58224,12.56975,-0.012490273
2171,Batam,11.10762,11.25474,0.14711952
2172,Tanjungpinang,10.79027,11.10941,0.31914043
3101,Kepulauan Seribu,11.93315,12.02583,0.092679977
3171,Kota JakartaSelatan,11.62606,12.11825,0.49219036
3172,Kota JakartaTimur,11.11653,11.58806,0.47152996
3173,Kota JakartaPusat,12.59405,13.08996,0.49590969
3174,Kota JakartaBarat,11.21393,11.71218,0.49825001
3175,Kota JakartaUtara,11.67852,12.134,0.45547962
3201,Bogor,9.8681164,10.14146,0.27334404
3202,Sukabumi,9.4031897,9.793951,0.39076138
3203,Cianjur,9.1057816,9.5033588,0.39757729
3204,Bandung,9.6231613,9.9463682,0.3232069
3205,Garut,9.2603407,9.5667439,0.30640316
3206,Tasikmalaya,9.1477251,9.4966965,0.34897137
3207,Ciamis,9.3990622,9.774931,0.3758688
3208,Kuningan,9.1685038,9.5973005,0.42879677
3209,Cirebon,9.2606516,9.6008978,0.3402462
3210,Majalengka,9.3211145,9.7183323,0.39721775
3211,Sumedang,9.4979591,9.8823528,0.38439369
3212,Indramayu,10.27828,10.43046,0.15217972
3213,Subang,9.5232906,9.7619572,0.23866653
3214,Purwakarta,10.39232,10.74736,0.35504055
3215,Karawang,10.74657,11.12939,0.38282013
3216,Bekasi,10.96981,11.10731,0.13750076
3217,Bandung Barat,9.4489307,9.7842417,0.33531094
3218,Pangandaran,9.4816914,9.8210716,0.33938026
3271,Kota Bogor,9.8831396,10.23022,0.34708023
3272,Kota Sukabumi,9.7801905,10.13295,0.35275936
3273,Kota Bandung,10.65375,11.21079,0.55703926
3274,Kota Cirebon,10.44655,10.82,0.37344933
3275,Kota Bekasi,9.7712107,10.0194,0.24818897
3276,Kota Depok,9.6259184,9.8875656,0.26164722
3277,Kota Cimahi,10.12178,10.452,0.33021927
3278,Kota Tasikmalaya,9.5831642,10.01793,0.43476582
3279,Kota Banjar,9.3483772,9.7276735,0.3792963
3301,Kabupaten Cilacap,10.72883,10.95231,0.22347927
3302,Kabupaten Banyumas,9.6009169,10.01154,0.41062355
3303,Kabupaten Purbalingga,9.4543772,9.7863636,0.33198643
3304,Kabupaten Banjarnegara,9.2912989,9.6629486,0.37164974
3305,Kabupaten Kebumen,9.2682095,9.6621675,0.39395809
3306,Kabupaten Purworejo,9.4109411,9.7804317,0.36949062
3307,Kabupaten Wonosobo,9.3851109,9.7167959,0.33168507
3308,Kabupaten Magelang,9.403532,9.7559872,0.35245514
3309,Kabupaten Boyolali,9.5968227,9.991847,0.3950243
3310,Kabupaten Klaten,9.6171284,10.02142,0.40429115
3311,Kabupaten Sukoharjo,9.8938494,10.27088,0.37703037
3312,Kabupaten Wonogiri,9.5683622,9.939146,0.37078381
3313,Kabupaten Karanganyar,9.9094667,10.26151,0.35204315
3314,Kabupaten Sragen,9.8209028,10.2597,0.438797
3315,Kabupaten Grobogan,9.183671,9.5196819,0.33601093
3316,Kabupaten Blora,9.4099894,9.9245787,0.51458931
3317,Kabupaten Rembang,9.5562687,9.9244318,0.36816311
3318,Kabupaten Pati,9.6640434,10.05589,0.39184666
3319,Kabupaten Kudus,11.12644,11.32029,0.19384956
3320,Kabupaten Jepara,9.4040251,9.6963692,0.29234409
3321,Kabupaten Demak,9.3067751,9.6274834,0.32070827
3322,Kabupaten Semarang,10.04883,10.39004,0.34121037
3323,Kabupaten Temanggung,9.5235443,9.8478518,0.32430744
3324,Kabupaten Kendal,9.9446783,10.32004,0.37536144
3325,Kabupaten Batang,9.4986744,9.8496695,0.35099506
3326,Kabupaten Pekalongan,9.4095554,9.7646198,0.35506439
3327,Kabupaten Pemalang,9.0970287,9.4945097,0.39748096
3328,Kabupaten Tegal,9.2884159,9.7042751,0.41585922
3329,Kabupaten Brebes,9.3593273,9.7540255,0.39469814
3371,Kota Magelang,10.43021,10.82714,0.39692974
3372,Kota Surakarta,10.66712,11.07749,0.41036987
3373,Kota Salatiga,10.44132,10.77157,0.33024979
3374,Kota Semarang,10.85534,11.20533,0.34998989
3375,Kota Pekalongan,9.7048559,10.05531,0.35045433
3376,Kota Tegal,10.26575,10.65837,0.39262009
3401,Kulon.Progo,9.4662638,9.8066921,0.34042835
3402,Bantul,9.4969397,9.7998047,0.30286503
3403,Gunung.Kidul,9.4774799,9.7723751,0.29489517
3404,Sleman,9.8764362,10.22057,0.34413338
3471,Kota.Yogyakarta,10.70114,11.02059,0.31944942
3501,Pacitan,9.440094,9.796463,0.35636902
3502,Ponorogo,9.2553816,9.6060276,0.35064602
3503,Trenggalek,9.3746262,9.7210112,0.346385
3504,Tulungagung,9.7354345,10.07734,0.34190559
3505,Blitar,9.5812607,9.9016495,0.32038879
3506,Kediri,9.4046412,9.732995,0.32835388
3507,Malang,9.7327528,10.07296,0.3402071
3508,Lumajang,9.5567703,9.8912477,0.33447742
3509,Jember,9.5663204,9.905508,0.33918762
3510,Banyuwangi,9.9437799,10.3333,0.38951969
3511,Bondowoso,9.3529835,9.6778278,0.32484436
3512,Situbondo,9.4766312,9.7973604,0.32072926
3513,Probolinggo,9.5232658,9.8217793,0.29851341
3514,Pasuruan,10.60515,10.97182,0.36666965
3515,Sidoarjo,10.6404,10.94032,0.29992008
3516,Mojokerto,10.41023,10.7595,0.34926987
3517,Jombang,9.5748196,9.9163017,0.34148216
3518,Nganjuk,9.3230028,9.6596441,0.33664131
3519,Madiun,9.4123106,9.7661676,0.35385704
3520,Magetan,9.4973154,9.8545799,0.35726452
3521,Ngawi,9.2423992,9.6121893,0.36979008
3522,Bojonegoro,10.22055,10.8311,0.61055088
3523,Tuban,10.12646,10.46672,0.34025955
3524,Lamongan,9.531291,9.9507074,0.41941643
3525,Gresik,10.82012,11.15541,0.33528996
3526,Bangkalan,9.7678766,9.7980442,0.03016758
3527,Sampang,9.3437634,9.519784,0.17602062
3528,Pamekasan,9.0777254,9.3784323,0.30070686
3529,Sumenep,9.5812416,9.9592695,0.37802792
3571,Kota Kediri,12.27275,12.55477,0.28202057
3572,Kota Blitar,9.9788828,10.32905,0.35016727
3573,Kota Malang,10.54961,10.8979,0.34828949
3574,Kota Probolinggo,10.02606,10.36063,0.33456993
3575,Kota Pasuruan,9.8623152,10.19968,0.33736515
3576,Kota Mojokerto,10.11718,10.45652,0.33934021
3577,Kota Madiun,10.47727,10.8909,0.41362953
3578,Kota Surabaya,11.33163,11.74715,0.41552067
3579,Kota Batu,10.43673,10.82959,0.39285946
3601,Kabupaten Pandeglang,9.276268,9.659318,0.38304996
3602,Kabupaten Lebak,9.2535419,9.6326513,0.37910938
3603,Kabupaten Tangerang,9.9280891,10.12454,0.19645119
3604,Kabupaten Serang,10.09095,10.44819,0.35723972
3671,Kota Tangerang,10.52426,10.80132,0.27706051
3672,Kota Cilegon,11.68921,12.00302,0.31381035
3673,Kota Serang,9.9859953,10.36262,0.37662506
3674,Kota Tangerang Selatan,10.07142,10.40351,0.33209038
5101,Kab. Jembrana,9.9724569,10.37637,0.4039135
5102,Kab. Tabanan,9.9959211,10.42069,0.42476845
5103,Kab. Badung,10.52325,10.87121,0.34796047
5104,Kab. Gianyar,10.03807,10.46885,0.43078041
5105,Kab. Klungkung,9.942853,10.36518,0.42232704
5106,Kab. Bangli,9.4444485,9.8596268,0.4151783
5107,Kab. Karangasem,9.7335777,10.13993,0.40635204
5108,Kab. Buleleng,9.9808702,10.42264,0.4417696
5171,Kota Denpasar,10.12844,10.49342,0.36497974
5201,Lombok Barat,9.3661308,9.6364594,0.27032852
5202,Lombok Tengah,8.9801092,9.4483433,0.46823406
5203,Lombok Timur,9.013835,9.3546085,0.34077358
5204,Sumbawa,9.6059904,9.9978933,0.39190292
5205,Dompu,9.5530729,9.8782063,0.32513332
5206,Bima,9.3586082,9.700139,0.3415308
5207,Sumbawa Barat,9.7183142,11.41219,1.6938763
5208,Lombok Utara,9.3794584,9.6178617,0.23840332
5271,Mataram,9.914669,10.21852,0.30385113
5272,Bima,9.4750948,9.7417746,0.26667976
5301,Sumba Barat,9.0298433,9.2801228,0.25027943
5302,Sumba Timur,9.321476,9.6087551,0.28727913
5303,Kupang,9.2278652,9.3809958,0.15313053
5304,Timor Tengh Selatan,8.8813238,9.1844749,0.30315113
5305,Timor Tengah Utara,9.1395998,9.3010139,0.16141415
5306,Belu,9.1798811,9.4682846,0.28840351
5307,Alor,8.8276854,9.1424809,0.31479549
5308,Lembata,8.760457,8.9759417,0.21548462
5309,Flores Timur,9.2054758,9.4829397,0.27746391
5310,Sikka,8.8984241,9.2042856,0.30586147
5311,Ende,9.2190704,9.5752001,0.35612965
5312,Ngada,9.2345715,9.5210247,0.28645325
5313,Manggarai,8.7836351,9.0602579,0.27662277
5314,Rote Ndao,9.2421036,9.3099356,0.067831993
5315,Manggarai Barat,8.8226662,8.9765825,0.15391636
5316,Sumba Tengah,8.9833517,9.2052584,0.22190666
5317,Sumba Barat Daya,8.5513706,8.7768831,0.2255125
5318,Nagekeo,8.856349,9.1153927,0.25904369
5319,Manggarai Timur,8.5305281,8.8256493,0.29512119
5320,Sabu Raijua,8.7782078,8.9781017,0.19989395
5321,Malaka,8.9014664,9.1456337,0.24416733
5371,Kota Kupang,10.1965,10.5245,0.32800007
6101,Sambas,9.7452106,10.09962,0.35440922
6102,Bengkayang,9.716073,9.9671869,0.25111389
6103,Landak,9.5018225,9.7854652,0.28364277
6104,Mempawah,9.541605,9.8397684,0.29816341
6105,Sanggau,9.952673,10.20381,0.25113678
6106,Ketapang,10.09368,10.40371,0.31002998
6107,Sintang,9.6954813,9.9928608,0.29737949
6108,Kapuas Hulu,9.8358994,10.0654,0.22950077
6109,Sekadau,9.548769,9.9139748,0.36520576
6110,Melawi,9.401454,9.6536522,0.25219822
6111,Kayong Utara,9.6971407,9.9736757,0.27653503
6112,Kubu Raya,9.9412489,10.30711,0.36586094
6171,Kota Pontianak,10.20751,10.522,0.31449032
6172,Kota Singkawang,9.9859991,10.28722,0.30122089
6201,Kotawaringin Barat,10.31908,10.56866,0.24957943
6202,Kotawaringin Timur,10.15764,10.51747,0.3598299
6203,Kapuas,9.8003044,10.25334,0.45303535
6204,Barito Selatan,9.9824047,10.32275,0.34034538
6205,Barito Utara,10.45475,10.85184,0.39708996
6206,Sukamara,10.51485,10.63948,0.12462997
6207,Lamandau,10.39552,10.65498,0.2594595
6208,Seruyan,10.20637,10.23746,0.031089783
6209,Katingan,9.9012651,10.2545,0.35323524
6210,Pulang Pisau,9.6854525,10.13047,0.44501781
6211,Gunung Mas,9.9018469,10.21237,0.31052303
6212,Barito Timur,10.39209,10.59226,0.20017052
6213,Murung Raya,10.45554,10.73329,0.27775002
6271,Palangka Raya,10.17759,10.45778,0.28018951
6301,TANAH LAUT,10.05633,10.291,0.23467064
6302,KOTABARU,10.57787,10.82584,0.24796963
6303,BANJAR,9.611701,9.8904114,0.27871037
6304,BARITO KUALA,9.5214853,9.7914524,0.26996708
6305,TAPIN,10.09063,10.3967,0.30607033
6306,HULU SUNGAI SELATAN,9.4982243,9.8524218,0.3541975
6307,HULU SUNGAI TENGAH,9.4153442,9.7584524,0.34310818
6308,HULU SUNGAI UTARA,9.1821709,9.5052814,0.32311058
6309,TABALONG,10.75465,10.95457,0.1999197
6310,TANAH BUMBU,10.57951,10.66576,0.086250305
6311,BALANGAN,10.90702,11.16238,0.2553606
6371,KOTA BANJARMASIN,9.9427509,10.31083,0.36807919
6372,KOTA BANJARBARU,9.7568436,10.03553,0.27868652
6401,Paser,11.67079,11.7176,0.04681015
6402,Kutai Barat,11.41715,11.82192,0.40477085
6403,Kutai Kartanegara,12.16704,11.96958,-0.19746017
6404,Kutai Timur,12.34387,12.40829,0.064419746
6405,Berau,11.29919,11.67978,0.38059044
6409,Penajam Paser Utara,10.37441,10.62933,0.25492001
6411,Mahakam Ulu,10.728,11.06023,0.33223057
6471,Balikpapan,11.53991,11.72458,0.18466949
6472,Samarinda,10.64414,10.82933,0.1851902
6474,Bontang,12.83577,12.3763,-0.4594698
6501,Malinau,11.22053,11.34692,0.12639046
6502,Bulungan,11.07921,11.28897,0.20975971
6503,Tana Tidung,12.12167,11.78605,-0.33561993
6504,Nunukan,11.02598,11.20807,0.18208981
6571,Tarakan,10.96868,11.27507,0.30638981
7101,Bolaang Mongondow,9.6170664,9.9389725,0.32190609
7102,Minahasa,10.00455,10.4038,0.39925003
7103,Kepulauan Sangihe,9.6008701,9.9907713,0.38990116
7104,Kepulauan Talaud,9.4345589,9.7254858,0.29092693
7105,Minahasa Selatan,9.8315964,10.22449,0.39289379
7106,Minahasa Utara,10.21289,10.68306,0.47017002
7107,Bolaang Mongondow Utara,9.5221071,9.8999071,0.37779999
7108,Kepulauan Sitaro,9.4934006,10.02439,0.53098965
7109,Minahasa Tenggara,9.9603014,10.38251,0.42220879
7110,Bolaang Mongondow Selatan,9.4868202,9.8617544,0.3749342
7111,Bolaang Mongondow Timur,9.7658253,10.12979,0.36396503
7171,Kota Manado,10.44017,10.93068,0.49050999
7172,Kota Bitung,10.50116,10.81516,0.31400013
7173,Kota Tomohon,9.8848476,10.24491,0.3600626
7174,Kota Kotamobagu,9.4261808,9.7905216,0.36434078
7201,Banggai Kepulauan,9.5459633,10.00895,0.46298695
7202,Banggai,9.8333406,10.81129,0.97794914
7203,Morowali,10.39903,11.74338,1.3443499
7204,Poso,9.7414742,10.09726,0.35578632
7205,Donggala,9.8544893,10.20691,0.35242081
7206,Tolitoli,9.6616678,10.0623,0.4006319
7207,Buol,9.8527002,10.11378,0.26107979
7208,Parigi Moutong,9.7588863,10.09192,0.33303356
7209,Tojo Una-una,9.710021,10.10017,0.39014912
7210,Sigi,9.7586079,10.14331,0.38470173
7211,Banggai Laut,9.6084003,10.01368,0.40528011
7212,Morowali Utara,10.33237,10.9512,0.61882973
7271,Kota Palu,10.15568,10.59006,0.43438053
7301,Kep. Selayar,9.602869,10.146,0.54313087
7302,Bulukumba,9.3939095,9.8737431,0.4798336
7303,Bantaeng,9.6329432,10.21097,0.57802677
7304,Jeneponto,9.2473164,9.7711182,0.5238018
7305,Takalar,9.4190283,9.9485598,0.52953148
7306,Gowa,9.2986832,9.7328529,0.43416977
7307,Sinjai,9.7125101,10.2231,0.5105896
7308,Maros,10.0403,10.56512,0.52481937
7309,Pangkep,10.25065,10.79144,0.5407896
7310,Barru,9.6437674,10.15524,0.5114727
7311,Bone,9.6424484,10.21714,0.57469177
7312,Soppeng,9.7175112,10.26251,0.54499912
7313,Wajo,9.8795681,10.3463,0.46673203
7314,Sidrap,9.6998091,10.20343,0.5036211
7315,Pinrang,9.8407593,10.37356,0.53280067
7316,Enrekang,9.5246696,9.9524364,0.4277668
7317,Luwu,9.6428595,10.14597,0.50311089
7318,Tana Toraja,9.2870607,9.8124561,0.52539539
7322,Luwu Utara,9.6026182,10.11542,0.51280212
7325,Luwu Timur,10.79316,10.89494,0.10177994
7326,Toraja Utara,9.3552818,9.9424438,0.58716202
7371,Makassar,10.68608,11.22043,0.5343504
7372,Parepare,9.9359474,10.3823,0.44635296
7373,Palopo,9.8879585,10.24862,0.36066151
7401,Buton,9.560008,10.1716,0.61159229
7402,Muna,9.5500355,9.9861116,0.43607616
7403,Konawe,9.836936,10.08846,0.25152397
7404,Kolaka,10.8705,11.15331,0.28281021
7405,Konawe Selatan,9.7281494,10.15927,0.43112087
7406,Bombana,9.7703743,10.11374,0.34336567
7407,Wakatobi,9.720295,10.31283,0.59253502
7408,Kolaka Utara,10.16624,10.60603,0.43979073
7409,Buton Utara,9.9865685,10.41811,0.43154144
7410,Konawe Utara,10.34439,10.66661,0.32221985
7411,Kolaka Timur,10.00125,10.08037,0.079119682
7412,Konawe Kepulauan,10.10331,10.27981,0.17650032
7413,Muna Barat,9.813261,9.9715815,0.15832043
7414,Buton Tengah,9.5892353,9.7488155,0.15958023
7415,Buton Selatan,9.9499989,10.10996,0.15996075
7471,Kota Kendari,10.24333,10.62814,0.38481045
7472,Kota Baubau,10.07979,10.52209,0.44229984
7501,Boalemo,9.6056767,9.9351463,0.32946968
7502,Gorontalo,9.5101929,10.01404,0.50384712
7503,Pohuwato,9.8819962,10.2414,0.35940361
7504,Bone Bolango,9.3980865,9.8531981,0.4551115
7505,Gorontalo Utara,9.3883848,9.8783092,0.48992443
7571,Kota Gorontalo,9.7864723,10.21767,0.43119812
7601,Majene,9.5078392,9.8897228,0.38188362
7602,Polewali Mandar,9.4310083,9.9140501,0.48304176
7603,Mamasa,9.1412249,9.4949646,0.35373974
7604,Mamuju,9.4219913,10.22771,0.80571842
7605,Pasangkayu,10.14218,10.6338,0.49161911
7606,Mamuju Tengah,9.3061504,9.6932487,0.38709831
8101,Maluku Tenggara Barat,9.134285,9.5574608,0.42317581
8102,Maluku Tenggara,9.3957911,9.8370008,0.44120979
8103,Maluku Tengah,9.1827888,9.6073666,0.42457771
8104,Buru,9.0759201,9.2650146,0.18909454
8105,Kepulauan Aru,9.6761236,10.02857,0.35244656
8106,Seram Bagian Barat,8.8827105,9.2962646,0.41355419
8107,Seram Bagian Timur,9.4916773,9.7376547,0.2459774
8108,Maluku Barat Daya,9.0538969,9.5319414,0.47804451
8109,Buru Selatan,9.2035418,9.5126934,0.30915165
8171,Kota Ambon,9.7819223,9.9657698,0.18384743
8172,Kota Tual,9.6181335,9.8658972,0.24776363
8201,Halmahera Barat,9.1468897,9.4273462,0.28045654
8202,Halmahera Tengah,10.00964,10.17964,0.17000008
8203,Kepulauan Sula,8.9175844,9.6359997,0.71841526
8204,Halmahera Selatan,9.3374863,9.8397522,0.50226593
8205,Halmahera Utara,9.6049528,9.8629398,0.25798702
8206,Halmahera Timur,9.9650993,10.06626,0.101161
8207,Pulau Morotai,9.3691998,9.6214876,0.25228786
8208,Pulau Taliabu,9.5558681,9.7560349,0.2001667
8271,Ternate,9.8555346,10.29302,0.43748569
8272,Tidore Kepulauan,9.48382,9.8463669,0.36254692
9101,Fakfak,10.29903,10.68063,0.38159943
9102,Kaimana,10.08253,10.30411,0.22157955
9103,Teluk Wondama,10.36176,10.32804,-0.033720016
9104,Teluk Bintuni,12.76176,12.86955,0.10778999
9105,Manokwari,10.30566,10.5757,0.27003956
9106,Sorong Selatan,9.8567934,10.19755,0.34075642
9107,Sorong,10.24691,11.48113,1.2342196
9108,Raja Ampat,10.09403,10.74724,0.65320969
9109,Tambrauw,8.8475075,9.2330589,0.38555145
9110,Maybrat,9.0643053,9.3123589,0.24805355
9111,Manokwari Selatan,10.00601,10.05332,0.047309875
9112,Pegunungan Arfak,8.265728,8.3940601,0.12833214
9171,Kota Sorong,10.22192,10.62654,0.40462017
9401,Merauke,10.20076,10.63958,0.43881989
9402,Jayawijaya,9.5279827,9.9397011,0.41171837
9403,Jayapura,10.54384,11.17037,0.62652969
9404,Nabire,10.01007,10.53608,0.52601051
9408,Kepulauan Yapen,9.9433937,10.24883,0.30543613
9409,Biak Numfor,9.8686457,10.01703,0.14838409
9410,Paniai,8.7461033,9.1956749,0.44957161
9411,Puncak Jaya,8.801239,8.9374132,0.1361742
9412,Mimika,10.29153,10.65779,0.36626053
9413,Boven Digoel,10.57043,10.75865,0.18822002
9414,Mappi,9.4793177,9.7854118,0.30609417
9415,Asmat,9.3556824,9.6286297,0.27294731
9416,Yahukimo,8.4933176,8.9392786,0.445961
9417,Pegunungan Bintang,9.4410954,9.7932386,0.35214329
9418,Tolikara,8.6895428,8.9000664,0.21052361
9419,Sarmi,10.33198,10.67581,0.34383011
9420,Keerom,10.00047,10.43332,0.43284988
9426,Waropen,10.20119,10.7444,0.54321003
9427,Supiori,10.28,10.5,0.22000027
9428,Mamberamo Raya,10.13565,10.5995,0.46385002
9429,Nduga,8.4073591,8.9467916,0.53943253
9430,Lanny Jaya,8.0975389,8.7148924,0.61735344
9431,Mamberamo Tengah,9.1159039,9.5943098,0.47840595
9432,Yalimo,8.8390923,9.3660135,0.52692127
9433,Puncak,8.4360065,8.8632612,0.42725468
9434,Dogiyai,8.557497,9.0485659,0.49106884
9435,Intan Jaya,8.9826164,9.6247787,0.64216232
9436,Deiyai,8.7061558,9.3027973,0.59664154
9471,Kota Jayapura,10.68227,11.19626,0.5139904